{
    "loss": 5.301333427429199,
    "accuracy": 0.8627451062202454
}